Title,Company,Reward,Link
플러터 개발자 (2년 이상),더블유클럽,합격보상금 100만원,https://www.wanted.co.kr/wd/73811
플러터 개발자 (3년 이상),다이노즈,합격보상금 100만원,https://www.wanted.co.kr/wd/203296
웹/모바일 클라이언트(React/Flutter) 개발자,엘에스엠케이(LSMK),합격보상금 100만원,https://www.wanted.co.kr/wd/214936
크로스플랫폼 앱 개발자(Flutter) (SW팀),이노버스,합격보상금 100만원,https://www.wanted.co.kr/wd/214854
Flutter 앱 & Node.js 개발자(신입 지원가능),인졀미,합격보상금 100만원,https://www.wanted.co.kr/wd/210056
[Plus]Flutter 개발자,앤서스랩코리아,합격보상금 100만원,https://www.wanted.co.kr/wd/214495
Flutter 플러터 앱 엔지니어,밀크코퍼레이션,합격보상금 100만원,https://www.wanted.co.kr/wd/161675
모바일/웹 클라이언트(flutter) 개발자(1년),스쿨버스,합격보상금 100만원,https://www.wanted.co.kr/wd/201909
플러터 개발자 (2년 이상),더블유클럽,합격보상금 100만원,https://www.wanted.co.kr/wd/73811
플러터 개발자 (3년 이상),다이노즈,합격보상금 100만원,https://www.wanted.co.kr/wd/203296
웹/모바일 클라이언트(React/Flutter) 개발자,엘에스엠케이(LSMK),합격보상금 100만원,https://www.wanted.co.kr/wd/214936
크로스플랫폼 앱 개발자(Flutter) (SW팀),이노버스,합격보상금 100만원,https://www.wanted.co.kr/wd/214854
Flutter 앱 & Node.js 개발자(신입 지원가능),인졀미,합격보상금 100만원,https://www.wanted.co.kr/wd/210056
[Plus]Flutter 개발자,앤서스랩코리아,합격보상금 100만원,https://www.wanted.co.kr/wd/214495
Flutter 플러터 앱 엔지니어,밀크코퍼레이션,합격보상금 100만원,https://www.wanted.co.kr/wd/161675
모바일/웹 클라이언트(flutter) 개발자(1년),스쿨버스,합격보상금 100만원,https://www.wanted.co.kr/wd/201909
Mobile (Flutter) 개발자 (4년 이상),큐픽스,합격보상금 100만원,https://www.wanted.co.kr/wd/207359
플러터 개발자,모노리스,합격보상금 100만원,https://www.wanted.co.kr/wd/194856
Front-end 개발자(Flutter/앱) (10년이상),먼슬리키친,합격보상금 100만원,https://www.wanted.co.kr/wd/216792
Flutter 개발자,섬재,합격보상금 100만원,https://www.wanted.co.kr/wd/220476
Flutter 모바일 개발,버터플라잉,합격보상금 100만원,https://www.wanted.co.kr/wd/215084
Flutter 개발자,코보시스,합격보상금 100만원,https://www.wanted.co.kr/wd/99737
[100억↑투자] 모바일 App 개발자(Flutter),비엘큐(테스트밸리),합격보상금 100만원,https://www.wanted.co.kr/wd/181248
Flutter 앱 개발자,비사이드코리아,합격보상금 100만원,https://www.wanted.co.kr/wd/120367
Flutter 앱 & Node.js 개발자,인졀미,합격보상금 100만원,https://www.wanted.co.kr/wd/210107
플러터 개발자,비밀리,합격보상금 100만원,https://www.wanted.co.kr/wd/170344
Flutter 개발자 (병역특례_현역/보충역),넛지헬스케어(캐시워크),합격보상금 100만원,https://www.wanted.co.kr/wd/168259
모바일 앱 개발자 (Flutter),에스케이디앤디(SK D&D),합격보상금 100만원,https://www.wanted.co.kr/wd/143640
Flutter 앱 개발자,플랙스뉴럴랩스,합격보상금 100만원,https://www.wanted.co.kr/wd/151186
"프론트엔드 / 모바일 (Vue, Flutter) 엔지니어",드래프티파이,합격보상금 100만원,https://www.wanted.co.kr/wd/220132
앱 개발자(Flutter) (신규 웹소설 플랫폼),미스터블루,합격보상금 100만원,https://www.wanted.co.kr/wd/166491
Flutter 개발자(2년 이상),디원더,합격보상금 100만원,https://www.wanted.co.kr/wd/219726
플러터 개발자 (2년 이상),한국모바일결제,합격보상금 100만원,https://www.wanted.co.kr/wd/215537
Flutter 개발,캔랩코리아,합격보상금 100만원,https://www.wanted.co.kr/wd/217367
[삼쩜삼] Mobile Engineer(Flutter),자비스앤빌런즈(삼쩜삼),합격보상금 100만원,https://www.wanted.co.kr/wd/217806
플랫폼 파트 - Flutter 개발 (주니어),어스얼라이언스,합격보상금 100만원,https://www.wanted.co.kr/wd/215136
[200억↑투자] Flutter 앱 개발자,바로팜,합격보상금 100만원,https://www.wanted.co.kr/wd/211680
[100억↑투자] Mobile App Developer(Flutter),아임웹,합격보상금 100만원,https://www.wanted.co.kr/wd/182668
Flutter 개발자,잇티,합격보상금 100만원,https://www.wanted.co.kr/wd/217973
플러터 개발자,피에트(FIET),합격보상금 100만원,https://www.wanted.co.kr/wd/209183
"플러터 개발자(2,3년차 이상)",씨에이치앤,합격보상금 100만원,https://www.wanted.co.kr/wd/213777
프론트엔드 개발자 (Flutter),111퍼센트,합격보상금 100만원,https://www.wanted.co.kr/wd/218337
[500억↑투자] 프론트엔드 개발자 (React-native / flutter),아파트멘터리,합격보상금 100만원,https://www.wanted.co.kr/wd/165183
Flutter 프론트 개발자,마이크로프로텍트,합격보상금 100만원,https://www.wanted.co.kr/wd/205308
아파트사업본부 APP(아보카도)개발 - Junior (flutter),더즌(dozn),합격보상금 100만원,https://www.wanted.co.kr/wd/207323
클라이언트팀 Flutter 개발자,로완,합격보상금 100만원,https://www.wanted.co.kr/wd/209205
"[100억↑투자] App 개발(Flutter, Android, iOS)",비엘큐(테스트밸리),합격보상금 100만원,https://www.wanted.co.kr/wd/87917
모바일 앱 소프트웨어 개발 (Flutter / iOS / Android),블록체인랩스,합격보상금 100만원,https://www.wanted.co.kr/wd/138923
